<?xml version="1.0" encoding="UTF-8"?>
<project-private xmlns="http://www.netbeans.org/ns/project-private/1">
    <editor-bookmarks xmlns="http://www.netbeans.org/ns/editor-bookmarks/2" lastBookmarkId="1">
        <file>
            <url>src/Controlador/PanelHomeFXMLController.java</url>
            <bookmark id="1">
                <name/>
                <line>36</line>
                <key/>
            </bookmark>
        </file>
    </editor-bookmarks>
    <open-files xmlns="http://www.netbeans.org/ns/projectui-open-files/2">
        <group name="NetBeansProjects">
            <file>file:/C:/Users/santy/Documents/NetBeansProjects/ProyectoFinalDeCiclo/src/Modelo/BdConexionLogin.java</file>
        </group>
    </open-files>
</project-private>
